{
  "jobs": [
    {
      "id": 1,
      "jobrole": "SeniorManager",
      "company": "CTS",
      "salary": "500000",
      "experiance": "3-5",
      "location": "Hyderabad"
    },
    {
      "id": 2,
      "jobrole": "Manager",
      "company": "AB InfoTech",
      "salary": "300000",
      "experiance": "6-7",
      "location": "Pune"
    },
    {
      "id": 3,
      "jobrole": "Java Developer",
      "company": "Tech Info",
      "salary": "900000",
      "experiance": "8-9",
      "location": "Pune"
    },
    {
      "id": 4,
      "jobrole": "UI Developer",
      "company": "InfoTech",
      "salary": "600000",
      "experiance": "3-4",
      "location": "Pune"
    },
    {
      "id": 5,
      "jobrole": "Testing",
      "company": "Techno",
      "salary": "200000",
      "experiance": "1-2",
      "location": "Pune"
    }
  ],
  "Appliedjobs": [
    {
      "Name": "vamsi",
      "Email": "ravi",
      "Mobile": "2",
      "Experience": "23344",
      "id": 8
    },
    {
      "JobId": "2",
      "Name": "vamsi",
      "Email": "Vamsi@gmail.com",
      "Mobile": "8247784413",
      "Experience": "2",
      "id": 9
    },
    {
      "username": "it",
      "email": "krishna@gmail.com",
      "mobilenumber": "8765443222",
      "experiance": "2",
      "id": 10
    },
    {
      "username": "Vamsi",
      "email": "krishna@gmail.com",
      "mobilenumber": "7866787",
      "experiance": "2",
      "JobId": "2",
      "id": 11
    },
    {
      "JobId": "2",
      "username": "vamsi",
      "email": "sd@gmail.com",
      "mobilenumber": "3456789",
      "experiance": "2",
      "id": 12
    },
    {
      "JobId": "1",
      "username": "it",
      "email": "krishna@gmail.com",
      "mobilenumber": "2344556",
      "experiance": "2",
      "id": 13
    },
    {
      "JobId": "2",
      "username": "we",
      "email": "reddyvamsi480@gmail.com",
      "mobilenumber": "98662",
      "experiance": "2",
      "id": 14
    },
    {
      "JobId": "2",
      "username": "sd",
      "email": "reddyvamsi480@gmail.com",
      "mobilenumber": "1234",
      "experiance": "2",
      "id": 15
    },
    {
      "JobId": "2",
      "username": "it",
      "email": "krishna@gmail.com",
      "mobilenumber": "12345",
      "experiance": "2",
      "id": 16
    },
    {
      "JobId": "2",
      "username": "it",
      "email": "krishna@gmail.com",
      "mobilenumber": "12345",
      "experiance": "2",
      "id": 17
    },
    {
      "JobId": "2",
      "username": "it",
      "email": "w@gami.com",
      "mobilenumber": "122",
      "experiance": "2",
      "id": 18
    },
    {
      "JobId": "2",
      "username": "it",
      "email": "w@gami.com",
      "mobilenumber": "3455",
      "experiance": "3",
      "id": 19
    },
    {
      "JobId": "2",
      "username": "it",
      "email": "reddyvamsi480@gmail.com",
      "mobilenumber": "5",
      "experiance": "34555",
      "id": 20
    },
    {
      "JobId": "2",
      "username": "it",
      "email": "rakumar@gmail.com",
      "mobilenumber": "24566",
      "experiance": "234565",
      "id": 21
    },
    {
      "JobId": "1",
      "username": "Vamsi23",
      "email": "krishna@gmail.com",
      "mobilenumber": "9876654334",
      "experiance": "3",
      "id": 22
    }
  ],
  "contactus": [
    {
      "Name": "vamsi",
      "Email": "vamsi@gmail.com",
      "Password": "gghgh",
      "Message": "Hi all",
      "id": 1
    },
    {
      "Name": "vamsi",
      "Email": "vamsi@gmail.com",
      "Password": "gghgh",
      "Message": "Hi all",
      "id": 2
    },
    {
      "Name": "vamsi",
      "Email": "vamsi@gmail.com",
      "Password": "gghgh",
      "Message": "Hi all",
      "id": 3
    },
    {
      "Name": "vamsi",
      "Email": "vamsi@gmail.com",
      "Password": "gghgh",
      "Message": "Hi all",
      "id": 4
    },
    {
      "Name": "",
      "Email": "",
      "Password": "",
      "Message": "",
      "id": 5
    },
    {
      "Name": "",
      "Email": "",
      "Password": "",
      "Message": "",
      "id": 6
    },
    {
      "Name": "",
      "Email": "",
      "Password": "",
      "Message": "",
      "id": 7
    },
    {
      "id": 8
    },
    {
      "username": "rajkumar",
      "email": "reddyvamsi480@gmail.com",
      "password": "23456677",
      "comments": "dsgdgdfnnnbfdffhrtfgbv fgf",
      "id": 9
    },
    {
      "username": "ernm",
      "email": "nnnmnmn@gmail.com",
      "password": "vamsi",
      "comments": "qwertyuiiioo",
      "id": 10
    }
  ]
}